URL,Title,Canonical,robots,H1
https://nhakhoahub.com/phong-kham/ha-noi,[05/2025] Top nha khoa được đánh giá tốt tại Hà Nội,https://nhakhoahub.com/phong-kham/ha-noi,"INDEX,follow",[05/2025] Top nha khoa được đánh giá tốt tại Hà Nội
https://nhakhoahub.com/phong-kham/ho-chi-minh,[05/2025] Top nha khoa được đánh giá tốt tại TP. Hồ Chí Minh,https://nhakhoahub.com/phong-kham/ho-chi-minh,"INDEX, follow",[05/2025] Top nha khoa được đánh giá tốt tại TP. Hồ Chí Minh
https://nhakhoahub.com/phong-kham/ha-noi/cau-giay,[05/2025] Top nha khoa được đánh giá tốt tại Cầu Giấy,https://nhakhoahub.com/phong-kham/ha-noi/cau-giay,"INDEX,   follow, helo, world",[05/2025] Top nha khoa được đánh giá tốt tại Cầu Giấy
https://nhakhoahub.com/phong-kham/ha-noi/dong-da,[05/2025] Top nha khoa được đánh giá tốt tại Đống Đa,https://nhakhoahub.com/phong-kham/ha-noi/dong-da,INDEX,[05/2025] Top nha khoa được đánh giá tốt tại Đống Đa
https://nhakhoahub.com/phong-kham/ha-noi/nieng-rang,[05/2025] Top nha khoa niềng răng được đánh giá tốt tại Hà Nội | NhakhoaHub,https://nhakhoahub.com/phong-kham/ha-noi/nieng-rang ,INDEX,[05/2025] Top nha khoa niềng răng được đánh giá tốt tại Hà Nội
https://nhakhoahub.com/phong-kham/nha-khoa-tham-my-quoc-te-vnes-dental-co-so-dang-tien-dong-dong-da-ha-noi,"Đặt lịch Nha Khoa Thẩm mỹ Quốc tế VNES Dental - Cơ sở Đặng Tiến Đông, Đống Đa, Hà Nội | NhaKhoaHub",https://nhakhoahub.com/phong-kham/nha-khoa-tham-my-quoc-te-vnes-dental-co-so-dang-tien-dong-dong-da-ha-noi,INDEX,"Nha Khoa Thẩm mỹ Quốc tế VNES Dental - Cơ sở Đặng Tiến Đông, Đống Đa, Hà Nội"
https://nhakhoahub.com/phong-kham/nha-khoa-lac-viet-intech-tru-so-dong-da,"Đặt lịch Nha Khoa Lạc Việt Intech - Cơ sở Đường Láng, Đống Đa, Hà Nội | NhaKhoaHub",https://nhakhoahub.com/phong-kham/nha-khoa-lac-viet-intech-tru-so-dong-da,INDEX,"Nha Khoa Lạc Việt Intech - Cơ sở Đường Láng, Đống Đa, Hà Nội"
https://nhakhoahub.com/blog,Blog | NhaKhoaHub,https://nhakhoahub.com/blog,INDEX,BLOG
https://nhakhoahub.com/blog/review-nha-khoa,Review Nha Khoa – Cẩm nang lựa chọn phòng khám uy tín,https://nhakhoahub.com/blog/review-nha-khoa,INDEX,Review Nha Khoa – Cẩm nang lựa chọn phòng khám uy tín
https://nhakhoahub.com/blog/nha-khoa-o-phuc-tho,Chọn đúng nha khoa ở Phúc Thọ để có hàm răng khỏe đẹp,https://nhakhoahub.com/blog/nha-khoa-o-phuc-tho,INDEX,Chọn đúng nha khoa ở Phúc Thọ để có hàm răng khỏe đẹp
https://nhakhoahub.com/blog/nha-khoa-o-ba-vi,Gợi ý các nha khoa ở Ba Vì theo nhu cầu và vị trí sinh sống,https://nhakhoahub.com/blog/nha-khoa-o-ba-vi,INDEX,Gợi ý các nha khoa ở Ba Vì theo nhu cầu và vị trí sinh sống
